"Дата","Направени тестове","Тестове за денонощие","Потвърдени случаи","Активни случаи","Нови случаи за денонощие","Хоспитализирани","Новохоспитализирани","В интензивно отделение","Излекувани","Излекувани за денонощие","Починали","Починали за денонощие"
"2020/06/06","89902","2012","2668","980","41","147","12","12","1528","138","160","1"
"2020/06/07","90329","1252","2711","1006","43","155","14","12","1545","17","160","0"
"2020/06/08","90329","427","2727","1019","16","158","5","12","1548","3","160","0"
"2020/06/09","91735","1406","2810","1059","83","152","23","15","1587","39","164","4"
"2020/06/10","93512","1777","2889","1099","79","161","25","13","1623","36","167","3"
"2020/06/11","95820","2308","2993","1162","104","187","76","17","1664","41","167","0"
"2020/06/12","98460","2640","3086","1230","93","204","29","15","1688","24","168","1"
"2020/06/13","101102","2642","3191","1303","105","215","16","15","1716","28","172","4"
"2020/06/14","103077","1975","3266","1371","75","247","35","16","1723","7","172","0"
"2020/06/15","104486","1409","3290","1386","24","244","6","15","1730","7","174","2"
"2020/06/16","106280","1794","3341","1381","51","253","23","14","1784","54","176","2"
"2020/06/17","108325","2045","3453","1455","112","267","35","13","1817","33","181","5"
"2020/06/18","110379","2054","3542","1478","89","276","28","12","1880","63","184","3"
"2020/06/19","112483","2104","3674","1543","132","289","40","13","1941","61","190","6"
"2020/06/20","114854","2371","3755","1554","81","314","39","17","2008","67","193","3"
"2020/06/21","116214","1360","3872","1646","117","322","20","13","2027","19","199","6"
"2020/06/22","116780","566","3905","1632","33","322","6","13","2074","47","199","0"
"2020/06/23","119556","2776","3984","1606","79","341","50","11","2171","97","207","8"
"2020/06/24","122502","2946","4114","1689","130","362","40","13","2217","46","208","1"
"2020/06/25","125518","3016","4242","1770","128","390","59","16","2263","46","209","1"
"2020/06/26","128293","2775","4408","1827","166","384","32","16","2370","107","211","2"
"2020/06/27","131043","2750","4513","1841","105","392","32","18","2457","87","215","4"
"2020/06/28","132571","1528","4625","1934","112","423","40","20","2475","18","216","1"
"2020/06/29","133605","1034","4691","1964","66","423","14","25","2508","33","219","3"
"2020/06/30","138130","4525","4831","2026","140","434","41","31","2582","74","223","4"
"2020/07/01","141473","3343","4989","2083","158","435","38","32","2676","94","230","7"
"2020/07/02","144369","2896","5154","2200","165","446","46","32","2722","46","232","2"
"2020/07/03","147524","3155","5315","2281","161","443","36","31","2802","80","232","0"
"2020/07/04","150062","2538","5497","2366","182","450","47","29","2892","90","239","7"
"2020/07/05","152653","2591","5677","2538","180","463","24","29","2898","6","241","2"
"2020/07/06","153576","923","5740","2579","63","458","16","28","2915","17","246","5"
"2020/07/07","156351","2775","5914","2664","174","470","63","29","3000","85","250","4"
"2020/07/08","159818","3467","6102","2811","188","483","51","32","3037","37","254","4"
"2020/07/09","164104","4286","6342","2917","240","498","57","29","3166","129","259","5"
"2020/07/10","167790","3686","6672","3181","330","525","49","28","3229","63","262","3"
"2020/07/11","172330","4540","6964","3389","292","516","63","32","3308","79","267","5"
"2020/07/12","175136","2806","7175","3597","211","532","20","33","3311","3","267","0"
"2020/07/13","176334","1198","7252","3665","77","535","13","33","3319","8","268","1"
"2020/07/14","179675","3341","7411","3618","159","529","77","29","3517","198","276","8"
"2020/07/15","184560","4885","7645","3699","234","551","77","27","3663","146","283","7"
"2020/07/16","189953","5393","7877","3747","232","575","66","28","3841","178","289","6"
"2020/07/17","196479","6526","8144","3924","267","582","50","28","3927","86","293","4"
"2020/07/18","201363","4884","8442","4112","298","606","81","33","4033","106","297","4"
"2020/07/19","203366","2003","8638","4258","196","605","18","34","4081","48","299","2"
"2020/07/20","206521","3155","8733","4327","95","610","14","34","4106","25","300","1"
"2020/07/21","210207","3686","8929","4416","196","624","85","34","4205","99","308","8"
"2020/07/22","215572","5365","9254","4420","325","622","62","31","4521","316","313","5"
"2020/07/23","221755","6183","9584","4620","330","642","86","24","4643","122","321","8"
"2020/07/24","227668","5913","9853","4493","269","665","90","27","5031","388","329","8"
"2020/07/25","233631","5963","10123","4534","270","669","79","28","5252","221","337","8"
"2020/07/26","235792","2161","10312","4668","189","694","29","33","5306","54","338","1"
"2020/07/27","239294","3502","10427","4732","115","682","19","34","5355","49","340","2"
"2020/07/28","243126","3832","10621","4689","194","686","83","39","5585","230","347","7"
"2020/07/29","248429","5303","10871","4750","250","699","94","40","5766","181","355","8"
"2020/07/30","254824","6395","11155","4816","284","722","83","37","5971","205","368","13"
"2020/07/31","261463","6639","11420","4873","265","751","71","34","6173","202","374","6"
"2020/08/01","267045","5582","11690","4988","270","778","99","42","6319","146","383","9"
"2020/08/02","271000","3955","11836","5055","146","793","25","43","6396","77","385","2"
"2020/08/03","272491","1491","11955","5147","119","814","29","46","6420","24","388","3"
"2020/08/04","276628","4137","12159","5071","204","823","104","43","6684","264","404","16"
"2020/08/05","281953","5325","12414","5035","255","847","93","41","6964","280","415","11"
"2020/08/06","287654","5701","12717","5139","303","872","100","44","7154","190","424","9"
"2020/08/07","294087","6433","13014","5205","297","874","73","47","7374","220","435","11"
"2020/08/08","299924","5837","13209","5145","195","857","79","55","7622","248","442","7"
"2020/08/09","303536","3612","13343","5180","134","848","11","55","7718","96","445","3"
"2020/08/10","304811","1275","13396","5177","53","849","14","54","7772","54","447","2"
"2020/08/11","308478","3667","13512","5073","116","854","108","54","7980","208","459","12"
"2020/08/12","313866","5388","13722","5097","210","861","66","64","8154","174","471","12"
"2020/08/13","318974","5108","13893","4932","171","834","56","63","8479","325","482","11"
"2020/08/14","324851","5877","14069","4684","176","824","67","63","8901","422","484","2"
"2020/08/15","330785","5934","14243","4637","174","811","86","58","9114","213","492","8"
"2020/08/16","333530","2745","14333","4677","90","811","20","55","9161","47","495","3"
"2020/08/17","334311","781","14365","4681","32","807","10","56","9186","25","498","3"
"2020/08/18","339563","5252","14500","4546","135","768","59","56","9442","256","512","14"
"2020/08/19","343230","3667","14669","4451","169","782","76","61","9699","257","519","7"
"2020/08/20","351879","8649","14820","4362","151","752","72","60","9931","232","527","8"
"2020/08/21","358723","6844","14962","4343","142","766","61","63","10087","156","532","5"
"2020/08/22","365096","6373","15131","4310","169","734","54","73","10282","195","539","7"
"2020/08/23","368498","3402","15227","4360","96","743","19","74","10322","40","545","6"
"2020/08/24","370786","2288","15287","4404","60","745","8","74","10338","16","545","0"
"2020/08/25","374374","3588","15386","4326","99","714","71","65","10497","159","563","18"
"2020/08/26","380606","6232","15589","4416","203","715","60","64","10601","104","572","9"
"2020/08/27","384450","3844","15751","4415","162","741","93","60","10750","149","586","14"
"2020/08/28","392089","7639","15908","4270","157","726","54","65","11044","294","594","8"
"2020/08/29","398426","6337","16065","4231","157","712","59","59","11231","187","603","9"
"2020/08/30","403213","4787","16164","4306","99","723","18","61","11253","22","605","2"
"2020/08/31","404683","1470","16190","4264","26","726","17","63","11313","60","613","8"
"2020/09/01","409013","4330","16266","4154","76","727","81","65","11483","170","629","16"
"2020/09/02","415797","6784","16454","4197","188","737","77","62","11615","132","642","13"
"2020/09/03","421240","5443","16617","4209","163","758","75","63","11760","145","648","6"
"2020/09/04","428266","7026","16775","4182","158","764","72","61","11935","175","658","10"
"2020/09/05","436395","8129","16954","4243","179","763","65","56","12046","111","665","7"
"2020/09/06","439753","3358","17050","4247","96","755","22","57","12132","86","671","6"
"2020/09/07","441160","1407","17089","4256","39","766","29","54","12157","25","676","5"
"2020/09/08","442380","1220","17146","4280","57","773","15","53","12189","32","677","1"
"2020/09/09","446303","3923","17313","4324","167","762","56","57","12297","108","692","15"
"2020/09/10","451448","5145","17435","4259","122","753","69","60","12474","177","702","10"
"2020/09/11","456538","5090","17598","4273","163","746","43","55","12619","145","706","4"
"2020/09/12","461403","4865","17799","4336","201","735","67","56","12750","131","713","7"
"2020/09/13","463733","2330","17891","4416","92","736","12","53","12758","8","717","4"
"2020/09/14","464657","924","17918","4431","27","740","13","53","12767","9","720","3"
"2020/09/15","467820","3163","18061","4402","143","730","78","49","12930","163","729","9"
"2020/09/16","472132","4312","18216","4423","155","734","52","46","13057","127","736","7"
"2020/09/17","476967","4835","18390","4410","174","744","63","43","13241","184","739","3"
"2020/09/18","482823","5856","18544","4404","154","744","53","37","13391","150","749","10"
"2020/09/19","488865","6042","18733","4470","189","728","48","34","13510","119","753","4"
"2020/09/20","491780","2915","18819","4506","86","723","21","37","13558","48","755","2"
"2020/09/21","493029","1249","18863","4522","44","718","12","35","13580","22","761","6"
"2020/09/22","496017","2988","19014","4522","151","714","54","33","13727","147","765","4"
"2020/09/23","499066","3049","19123","4608","109","716","13","31","13748","21","767","2"
"2020/09/24","502592","3526","19283","4637","160","726","90","29","13867","119","779","12"
"2020/09/25","507451","4859","19573","4775","290","744","72","30","14013","146","785","6"
"2020/09/26","512498","5047","19828","4907","255","782","98","36","14132","119","789","4"
"2020/09/27","515208","2710","19997","5048","169","791","22","36","14160","28","789","0"
"2020/09/28","516311","1103","20055","5083","58","794","18","41","14176","16","796","7"
"2020/09/29","519613","3302","20271","5125","216","780","66","42","14339","163","807","11"
"2020/09/30","524349","4736","20547","5245","276","814","94","44","14489","150","813","6"
"2020/10/01","529292","4943","20833","5374","286","837","76","44","14634","145","825","12"
"2020/10/02","534135","4843","21096","5477","263","857","67","47","14787","153","832","7"
"2020/10/03","538955","4820","21336","5559","240","887","93","50","14939","152","838","6"
"2020/10/04","541798","2843","21518","5693","182","912","33","54","14984","45","841","3"
"2020/10/05","543076","1278","21587","5729","69","917","18","56","15014","30","844","3"
"2020/10/06","546789","3713","21870","5837","283","930","94","59","15179","165","854","10"
"2020/10/07","552220","5431","22306","6134","436","971","112","57","15310","131","862","8"
"2020/10/08","556761","4541","22743","6422","437","1033","128","53","15448","138","873","11"
"2020/10/09","561970","5209","23259","6816","516","1063","95","56","15563","115","880","7"
"2020/10/10","568018","6048","23871","7271","612","1131","151","58","15713","150","887","7"
"2020/10/11","571813","3795","24319","7610","448","1189","64","59","15818","105","891","4"
"2020/10/12","573004","1191","24402","7663","83","1205","28","62","15847","29","892","1"
"2020/10/13","577324","4320","24989","8099","587","1221","135","65","15975","128","915","23"
"2020/10/14","583143","5819","25774","8712","785","1307","159","64","16139","164","923","8"
"2020/10/15","589041","5898","26593","9175","819","1380","173","67","16489","350","929","6"
"2020/10/16","595365","6324","27507","9885","914","1426","156","74","16678","189","944","15"
"2020/10/17","602807","7442","28505","10672","998","1450","141","76","16875","197","958","14"
"2020/10/18","607409","4602","29108","11228","603","1484","77","79","16912","37","968","10"
"2020/10/19","608990","1581","29503","11574","395","1500","59","74","16943","31","986","18"
"2020/10/20","613396","4406","30527","12366","1024","1562","238","88","17153","210","1008","22"
"2020/10/21","624901","11505","31863","13430","1336","1633","202","93","17414","261","1019","11"
"2020/10/22","633639","8738","33335","14689","1472","1732","238","107","17598","184","1048","29"
"2020/10/23","642677","9038","34930","16033","1595","1792","232","112","17833","235","1064","16"
"2020/10/24","652508","9831","36519","17340","1589","1886","259","127","18102","269","1077","13"
"2020/10/25","659602","7094","37562","18246","1043","1976","142","138","18232","130","1084","7"
"2020/10/26","661859","2257","37889","18441","327","2036","82","146","18354","122","1094","10"
"2020/10/27","669518","7659","40132","20346","2243","2130","335","149","18650","296","1136","42"
"2020/10/28","680744","11226","42701","22597","2569","2217","287","145","18943","293","1161","25"
"2020/10/29","690690","9946","45461","25105","2760","2316","324","162","19159","216","1197","36"
"2020/10/30","702066","11376","48150","27230","2689","2376","271","167","19695","536","1225","28"
"2020/10/31","714700","12634","51041","29910","2891","2447","325","165","19877","182","1254","29"
"2020/11/01","721959","7259","52844","31520","1803","2612","219","166","20045","168","1279","25"
"2020/11/02","727416","5457","54069","32241","1225","2680","126","169","20530","485","1298","19"
"2020/11/03","735326","7910","56496","34110","2427","2841","499","180","21037","507","1349","51"
"2020/11/04","746392","11066","60537","37581","4041","2922","594","210","21544","507","1412","63"
"2020/11/05","759595","13203","64591","41178","4054","3191","543","239","21947","403","1466","54"
"2020/11/06","770726","11131","68345","44118","3754","3424","562","250","22709","762","1518","52"
"2020/11/07","784575","13849","72184","47172","3839","3563","515","257","23436","727","1576","58"
"2020/11/08","793277","8702","74485","49048","2301","3715","338","271","23805","369","1632","56"
"2020/11/09","795428","2151","75160","49087","675","3822","227","272","24408","603","1665","33"
"2020/11/10","804254","8826","78976","51922","3816","4004","684","270","25283","875","1771","106"
"2020/11/11","815322","11068","83366","55716","4390","4176","718","280","25799","516","1851","80"
"2020/11/12","826152","10830","87311","58699","3945","4478","729","276","26714","915","1898","47"
"2020/11/13","835037","8885","90725","61168","3414","4768","742","284","27587","873","1970","72"
"2020/11/14","847450","12413","94937","64613","4212","4949","835","288","28269","682","2055","85"
"2020/11/15","853900","6450","97435","66539","2498","5166","378","295","28805","536","2091","36"
"2020/11/16","856616","2716","98251","66746","816","5247","253","293","29375","570","2130","39"
"2020/11/17","864550","7934","101770","69171","3519","5353","841","288","30317","942","2282","152"
"2020/11/18","876161","11611","106598","72649","4828","5463","880","303","31536","1219","2413","131"
"2020/11/19","886110","9949","110536","75526","3938","5629","852","313","32480","944","2530","117"
"2020/11/20","896421","10311","114435","78459","3899","5878","831","344","33327","847","2649","119"
"2020/11/21","906207","9786","118418","81252","3983","5942","931","383","34388","1061","2778","129"
"2020/11/22","911936","5729","120697","82125","2279","6193","447","408","35752","1364","2820","42"
"2020/11/23","914723","2787","121820","82416","1123","6350","362","408","36524","772","2880","60"
"2020/11/24","921967","7244","124966","83671","3146","6270","901","399","38226","1702","3069","189"
"2020/11/25","932441","10474","129348","86020","4382","6365","949","392","40102","1876","3226","157"
"2020/11/26","941261","8820","133060","87073","3712","6548","961","410","42620","2518","3367","141"
"2020/11/27","950354","9093","136628","88224","3568","6655","1052","430","44875","2255","3529","162"
"2020/11/28","959533","9179","139955","89535","3327","6647","997","436","46740","1865","3680","151"
"2020/11/29","964461","4928","141747","90219","1792","6830","488","431","47779","1039","3749","69"
"2020/11/30","966426","1965","142486","90078","739","6869","255","430","48594","815","3814","65"
"2020/12/01","973251","6825","145300","90700","2814","6783","1166","457","50565","1971","4035","221"
"2020/12/02","982307","9056","148775","91587","3475","6635","872","493","53000","2435","4188","153"
"2020/12/03","990785","8478","151913","92360","3138","6635","933","523","55206","2206","4347","159"
"2020/12/04","999867","9082","155193","93549","3280","6766","1032","523","57141","1935","4503","156"
"2020/12/05","1009397","9530","158807","94480","3614","6744","910","504","59677","2536","4650","147"
"2020/12/06","1015383","5986","160844","95442","2037","6959","507","516","60673","996","4729","79"
"2020/12/07","1016807","1424","161421","94378","577","7000","255","516","62246","1573","4797","68"
"2020/12/08","1023067","6260","164185","93559","2764","6821","901","523","65616","3370","5010","213"
"2020/12/09","1032782","9715","168165","93981","3980","6839","914","514","69028","3412","5156","146"
"2020/12/10","1041360","8578","171493","94132","3328","6998","951","544","72078","3050","5283","127"
"2020/12/11","1049830","8470","174568","93931","3075","7084","835","542","75232","3154","5405","122"
"2020/12/12","1058417","8587","177665","92581","3097","7151","998","588","79522","4290","5562","157"
"2020/12/13","1062824","4407","178952","91569","1287","7224","305","595","81757","2235","5626","64"
"2020/12/14","1064458","1634","179449","90041","497","7244","190","590","83720","1963","5688","62"
"2020/12/15","1069756","5298","181544","90128","2095","7045","714","580","85578","1858","5838","150"
"2020/12/16","1077493","7737","184287","90347","2743","6997","962","582","87935","2357","6005","167"
"2020/12/17","1083606","6113","186246","89540","1959","7034","874","570","90510","2575","6196","191"
"2020/12/18","1090431","6825","188288","88221","2042","6900","642","567","93728","3218","6339","143"
"2020/12/19","1096621","6190","190027","86909","1739","6535","634","536","96622","2894","6496","157"
"2020/12/20","1100834","4213","191029","86452","1002","6640","293","542","98026","1404","6551","55"
"2020/12/21","1101624","790","191195","84828","166","6624","144","536","99758","1732","6609","58"
"2020/12/22","1105928","4304","192472","83041","1277","6287","809","523","102666","2908","6765","156"
"2020/12/23","1112161","6233","194271","82302","1799","6123","656","526","105090","2424","6879","114"
"2020/12/24","1119106","5242","195886","82443","1615","5714","496","533","106465","1375","6978","99"
"2020/12/25","1122775","2407","196658","81955","772","5671","226","521","107680","1215","7023","45"
"2020/12/26","1124847","1060","196915","80976","257","5580","164","512","108866","1186","7073","50"
"2020/12/27","1127820","1759","197384","80519","469","5545","192","523","109742","876","7123","50"
"2020/12/28","1130629","1905","197716","79544","332","5571","255","523","111008","1266","7164","41"
"2020/12/29","1132996","1012","198053","78319","337","5511","294","504","112483","1475","7251","87"
"2020/12/30","1141072","3696","199491","76684","1438","5023","548","474","115402","2919","7405","154"
"2020/12/31","1149545","4604","201220","75370","1729","4831","643","467","118335","2933","7515","110"
"2021/01/01","1155283","3591","202266","75163","1046","4756","462","464","119527","1192","7576","61"
"2021/01/02","1157730","1831","202540","74593","274","4747","123","462","120343","816","7604","28"
"2021/01/03","1160292","1844","202880","73769","340","4786","160","458","121467","1124","7644","40"
"2021/01/04","1162942","1806","203051","72962","171","4689","80","453","122411","944","7678","34"
"2021/01/05","1173704","5430","204080","71621","1029","4405","479","411","124624","2213","7835","157"
"2021/01/06","1185140","11456","205390","70722","1310","4286","427","393","126766","2142","7902","67"
"2021/01/07","1195226","10088","206392","69642","1002","4262","408","379","128789","2023","7961","59"
"2021/01/08","1205134","9911","207259","69051","867","4250","326","377","130191","1402","8017","56"
"2021/01/09","1215002","9871","208012","65912","753","4186","367","380","134022","3831","8078","61"
"2021/01/10","1220910","5910","208406","65745","394","4190","86","380","134564","542","8097","19"
"2021/01/11","1222539","1629","208511","65126","105","4205","77","380","135259","695","8126","29"
"2021/01/12","1230338","7804","209131","63057","620","4046","373","375","137842","2583","8232","106"
"2021/01/13","1239980","9647","209881","61054","750","3945","283","367","140548","2706","8279","47"
"2021/01/14","1247545","7570","210416","58425","535","3681","216","348","143642","3094","8349","70"
"2021/01/15","1254976","7439","210951","52185","535","3631","244","343","150370","6728","8396","47"
"2021/01/16","1263825","8850","211503","47016","552","3500","227","343","156030","5660","8457","61"
"2021/01/17","1268453","4628","211736","46936","233","3485","64","340","156326","296","8474","17"
"2021/01/18","1269647","1194","211813","46608","77","3485","41","341","156722","396","8483","9"
"2021/01/19","1277606","7964","212383","39563","570","3312","272","329","164255","7533","8565","82"
"2021/01/20","1285526","7921","212927","33815","544","3223","218","318","170498","6243","8614","49"
"2021/01/21","1293578","8057","213409","29660","482","3220","213","327","175098","4600","8651","37"
"2021/01/22","1301250","7674","213864","27769","455","3045","180","297","177354","2256","8741","90"
"2021/01/23","1311036","9786","214430","27029","566","2844","210","284","178602","1248","8799","58"
"2021/01/24","1315515","4479","214696","26997","266","2857","57","281","178888","286","8811","12"
"2021/01/25","1316722","1207","214817","26929","121","2874","45","283","179068","180","8820","9"
"2021/01/26","1330261","13540","215589","26582","772","2822","347","279","180127","1059","8880","60"
"2021/01/27","1345912","15656","216416","26505","827","2818","258","281","180995","868","8916","36"
"2021/01/28","1359188","13279","217014","26448","598","2865","279","265","181622","627","8944","28"
"2021/01/29","1371485","12297","217574","25676","560","2877","343","257","182925","1303","8973","29"
"2021/01/30","1385067","13583","218269","25012","695","2848","256","261","184249","1324","9008","35"
"2021/01/31","1389599","4532","218618","23987","349","2866","78","263","185603","1354","9028","20"
"2021/02/01","1391560","1962","218748","22651","130","2886","62","264","187052","1449","9045","17"
"2021/02/02","1403129","11576","219580","21466","832","2850","402","265","188972","1920","9142","97"
"2021/02/03","1414581","11452","220547","20885","967","2901","362","279","190484","1512","9178","36"
"2021/02/04","1424456","9876","221266","20496","719","2969","359","284","191552","1068","9218","40"
"2021/02/05","1434996","10541","222149","20545","883","3033","297","277","192332","780","9272","54"
"2021/02/06","1447456","12463","223059","20727","910","3070","296","276","193030","698","9302","30"
"2021/02/07","1453189","5733","223552","21050","493","3133","113","281","193191","161","9311","9"
"2021/02/08","1455852","2663","223734","21152","182","3126","57","278","193251","60","9331","20"
"2021/02/09","1467489","11637","224849","21374","1115","3057","404","274","194055","804","9420","89"
"2021/02/10","1480714","13228","226061","22065","1212","3129","370","266","194514","459","9482","62"
"2021/02/11","1490877","10164","226974","22236","913","3230","426","273","195211","697","9527","45"
"2021/02/12","1502690","11816","228044","22801","1070","3297","355","293","195682","471","9561","34"
"2021/02/13","1513852","11164","229010","23212","966","3317","337","304","196204","522","9594","33"
"2021/02/14","1520384","6537","229516","23315","506","3375","119","302","196593","389","9608","14"
"2021/02/15","1522236","1852","229679","23135","163","3425","96","301","196920","327","9624","16"
"2021/02/16","1533321","11091","230747","23500","1068","3421","440","289","197576","656","9671","47"
"2021/02/17","1544924","11604","232096","24069","1349","3513","423","284","198324","748","9703","32"
"2021/02/18","1556468","11545","233342","24710","1246","3613","383","296","198888","564","9744","41"
"2021/02/19","1567390","10926","234428","25010","1086","3704","392","300","199632","744","9786","42"
"2021/02/20","1580691","13303","235891","26092","1463","3775","425","316","199978","346","9821","35"
"2021/02/21","1586386","5696","236439","26462","548","3846","155","316","200138","160","9839","18"
"2021/02/22","1589178","2792","236666","26560","227","3880","103","321","200252","114","9854","15"
"2021/02/23","1602871","13695","238591","27629","1925","3933","584","334","201029","777","9933","79"
"2021/02/24","1615896","13026","240391","28913","1800","4037","525","349","201500","471","9978","45"
"2021/02/25","1627934","12066","242124","30093","1733","4202","502","369","202005","505","10026","48"
"2021/02/26","1640573","12645","243946","31173","1822","4368","531","370","202694","689","10079","53"
"2021/02/27","1654270","13697","245627","32005","1681","4502","542","378","203494","800","10128","49"
"2021/02/28","1662699","8476","246706","31402","1079","4674","291","380","205137","1643","10167","39"
"2021/03/01","1665229","2531","247038","31302","332","4744","196","394","205545","408","10191","24"
"2021/03/02","1681417","16179","249626","32688","2588","4777","694","414","206630","1085","10308","117"
"2021/03/03","1695947","14563","252029","33227","2403","5009","796","423","208411","1781","10391","83"
"2021/03/04","1702111","6182","253183","33770","1154","5093","208","425","209000","589","10413","22"
"2021/03/05","1714278","12167","255381","34237","2198","5307","827","440","210638","1638","10506","93"
"2021/03/06","1731143","16876","258385","35896","3004","5463","806","437","211918","1280","10571","65"
"2021/03/07","1741614","10473","259811","36716","1426","5629","285","452","212502","584","10593","22"
"2021/03/08","1744583","2971","260308","36807","497","5776","260","456","212887","385","10614","21"
"2021/03/09","1761628","17056","263303","38424","2995","5903","923","503","214115","1228","10764","150"
"2021/03/10","1778810","17193","266805","38385","3502","6017","883","497","217518","3403","10902","138"
"2021/03/11","1792497","13691","269579","38531","2774","6395","931","501","220049","2531","10999","97"
"2021/03/12","1809772","17277","272700","39823","3121","6604","777","502","221783","1734","11094","95"
"2021/03/13","1826934","17161","275859","41183","3159","6818","893","506","223480","1697","11196","102"
"2021/03/14","1837507","10614","277878","42046","2019","6948","318","522","224598","1118","11234","38"
"2021/03/15","1841263","3759","278557","42090","679","7101","298","533","225182","584","11285","51"
"2021/03/16","1860746","19497","283194","44663","4637","7269","1287","577","227059","1877","11472","187"
"2021/03/17","1879949","19214","287568","47173","4374","7600","1194","612","228816","1757","11579","107"
"2021/03/18","1897593","17652","291769","49597","4201","7804","1028","609","230457","1641","11715","136"
"2021/03/19","1915561","17973","295777","51919","4008","8082","978","670","232041","1584","11817","102"
"2021/03/20","1934005","18449","299939","54411","4162","8332","1110","689","233596","1555","11932","115"
"2021/03/21","1945976","11979","302480","56277","2541","8545","440","691","234237","641","11966","34"
"2021/03/22","1950384","4410","303423","56633","943","8660","379","690","234771","534","12019","53"
"2021/03/23","1969186","18808","307890","58671","4467","8689","1337","691","237031","2260","12188","169"
"2021/03/24","1989047","19869","312741","60832","4851","8927","1327","729","239602","2571","12307","119"
"2021/03/25","2006166","17120","317116","62392","4375","9125","1092","743","242311","2709","12413","106"
"2021/03/26","2023997","17825","321104","64120","3988","9281","1149","769","244472","2161","12512","99"
"2021/03/27","2042578","18656","325233","65181","4129","9430","1197","751","247451","2979","12601","89"
"2021/03/28","2054509","11931","327770","66216","2537","9674","553","769","248904","1453","12650","49"
"2021/03/29","2058602","4094","328753","66682","983","9839","425","773","249361","457","12710","60"
"2021/03/30","2078028","19424","333250","67864","4497","9679","1458","752","252473","3112","12913","203"
"2021/03/31","2098426","20455","338426","69666","5176","9811","1367","748","255692","3219","13068","155"
"2021/04/01","2116322","17947","342633","69875","4207","10093","1300","772","259561","3869","13197","129"
"2021/04/02","2134815","18502","346327","70919","3694","10152","1108","747","262095","2534","13313","116"
"2021/04/03","2155426","20647","350340","70811","4013","10382","1376","753","266091","3996","13438","125"
"2021/04/04","2166074","10648","352259","69177","1919","10521","450","758","269575","3484","13507","69"
"2021/04/05","2170167","4129","352999","68977","740","10649","440","747","270433","858","13589","82"
"2021/04/06","2189411","19210","356859","69644","3860","10402","1458","734","273429","2996","13786","197"
"2021/04/07","2206820","17576","360863","70757","4004","10355","1294","755","276188","2759","13918","132"
"2021/04/08","2224530","17713","364419","71720","3556","10429","1157","777","278665","2477","14034","116"
"2021/04/09","2240606","16083","367376","71227","2957","10404","1043","813","281979","3314","14170","136"
"2021/04/10","2257555","16965","370179","71002","2803","10271","1116","812","284869","2890","14308","138"
"2021/04/11","2266672","9118","371531","71381","1352","10365","343","801","285799","930","14351","43"
"2021/04/12","2270329","3658","371993","71317","462","10382","297","797","286258","459","14418","67"
"2021/04/13","2287726","17402","375115","71140","3122","9970","1378","776","289356","3098","14619","201"
"2021/04/14","2303963","16242","378059","69962","2944","9799","1095","799","293351","3995","14746","127"
"2021/04/15","2319263","15297","380576","68707","2517","9685","934","807","296998","3647","14871","125"
"2021/04/16","2333971","14747","382761","67391","2185","9523","861","811","300391","3393","14979","108"
"2021/04/17","2349606","15638","384887","65754","2126","9195","862","801","304033","3642","15100","121"
"2021/04/18","2357428","7822","385963","65588","1076","9204","244","797","305237","1204","15138","38"
"2021/04/19","2362070","4644","386381","64508","418","9229","232","783","306678","1441","15195","57"
"2021/04/20","2378019","15952","388815","62481","2434","8834","1248","780","310922","4244","15412","217"
"2021/04/21","2391777","13800","390911","61120","2096","8598","824","765","314273","3351","15518","106"
"2021/04/22","2405956","14215","392913","59087","2002","8435","856","786","318208","3935","15618","100"
"2021/04/23","2419383","13423","394594","57473","1681","8309","735","781","321400","3192","15721","103"
"2021/04/24","2434235","14888","396302","56599","1708","8073","776","751","323877","2477","15826","105"
"2021/04/25","2441727","7493","397100","56855","798","8087","188","738","324386","509","15859","33"
"2021/04/26","2447180","5454","397500","56650","400","8080","179","746","324943","557","15907","48"
"2021/04/27","2461198","14023","399259","54115","1759","7669","914","724","329043","4100","16101","194"
"2021/04/28","2479203","17987","401109","52509","1850","7480","673","714","332418","3375","16182","81"
"2021/04/29","2493241","14082","402491","50782","1382","7168","657","697","335431","3013","16278","96"
"2021/04/30","2509499","16259","403728","49048","1237","6824","584","682","338312","2881","16368","90"
"2021/05/01","2518362","8864","404380","48447","652","6905","334","674","339534","1222","16399","31"
"2021/05/02","2525448","7086","404846","48513","466","6790","252","670","339889","355","16444","45"
"2021/05/03","2528642","3194","405194","48260","348","6754","199","662","340442","553","16492","48"
"2021/05/04","2535366","6724","405825","48109","631","6706","335","649","341168","726","16548","56"
"2021/05/05","2541572","6206","406192","47357","367","6670","236","637","342226","1058","16609","61"
"2021/05/06","2556505","14948","407827","46159","1635","6158","899","599","344895","2669","16773","164"
"2021/05/07","2562234","5733","408372","46083","545","6138","210","587","345489","594","16800","27"
"2021/05/08","2577231","14999","409495","44739","1123","5855","665","570","347870","2381","16886","86"
"2021/05/09","2584732","7503","409961","44874","466","5882","148","566","348185","315","16902","16"
"2021/05/10","2590585","5853","410202","44881","241","5912","151","562","348392","207","16929","27"
"2021/05/11","2606975","16392","411280","42838","1078","5571","590","555","351397","3005","17045","116"
"2021/05/12","2620183","13190","412157","41434","877","5410","423","535","353619","2222","17104","59"
"2021/05/13","2631255","11106","412814","38515","657","5250","343","526","357149","3530","17150","46"
"2021/05/14","2642503","11247","413320","36124","506","5114","299","516","360002","2853","17194","44"
"2021/05/15","2656622","14126","413838","34602","518","4832","311","504","361993","1991","17243","49"
"2021/05/16","2663903","7281","414041","34464","203","4839","110","501","362327","334","17250","7"
"2021/05/17","2668212","4309","414192","34458","151","4858","86","499","362475","148","17259","9"
"2021/05/18","2684714","16505","414869","32844","677","4592","416","490","364682","2207","17343","84"
"2021/05/19","2698506","13794","415326","30483","457","4379","250","485","367464","2782","17379","36"
"2021/05/20","2709565","11061","415687","28490","361","4201","210","460","369781","2317","17416","37"
"2021/05/21","2722728","13165","416055","27053","368","4073","222","442","371555","1774","17447","31"
"2021/05/22","2737194","14466","416417","25975","362","3849","194","417","372968","1413","17474","27"
"2021/05/23","2743168","5976","416565","25876","148","3817","59","410","373202","234","17487","13"
"2021/05/24","2749884","6716","416646","25765","81","3807","50","402","373385","183","17496","9"
"2021/05/25","2754463","4550","416727","25511","81","3781","67","406","373703","318","17513","17"
"2021/05/26","2768262","13839","417133","23426","406","3533","291","383","376126","2423","17581","68"
"2021/05/27","2782132","13872","417526","22591","393","3396","203","375","377318","1192","17617","36"
"2021/05/28","2795296","13164","417819","21026","293","3295","156","379","379156","1838","17637","20"
"2021/05/29","2808798","13506","418106","20200","287","3188","166","367","380254","1098","17652","15"
"2021/05/30","2816677","7850","418221","20205","115","3197","50","364","380359","105","17657","5"
"2021/05/31","2820959","4377","418274","20075","53","3176","17","359","380537","178","17662","5"
"2021/06/01","2837936","16978","418577","18694","303","3054","168","348","382183","1646","17700","38"
"2021/06/02","2851207","13258","418813","17322","236","2942","135","322","383765","1582","17726","26"
"2021/06/03","2863217","12042","419010","16486","197","2881","102","326","384777","1012","17747","21"
"2021/06/04","2878511","15295","419180","16117","170","2765","101","309","385271","494","17792","45"
"2021/06/05","2892784","14275","419337","15596","157","2629","76","293","385931","660","17810","18"
"2021/06/06","2899116","6333","419426","15545","89","2619","28","293","386068","137","17813","3"
"2021/06/07","2904717","5601","419473","15554","47","2613","18","287","386099","31","17820","7"
"2021/06/08","2918130","13358","419681","15134","208","2521","144","277","386693","594","17854","34"
"2021/06/09","2933101","15149","419859","14583","178","2467","76","267","387416","723","17860","6"
"2021/06/10","2943018","9920","419990","14203","131","2407","82","256","387915","499","17872","12"
"2021/06/11","2957309","14266","420090","13618","100","2335","54","253","388585","670","17887","15"
"2021/06/12","2970624","13361","420213","12952","123","2290","62","246","389368","783","17893","6"
"2021/06/13","2978938","8339","420294","12994","81","2283","16","246","389402","34","17898","5"
"2021/06/14","2982366","3470","420336","12941","42","2284","19","247","389495","93","17900","2"
"2021/06/15","3000226","17862","420493","12190","157","2239","101","242","390388","893","17915","15"
"2021/06/16","3013425","13200","420654","11751","161","2097","82","241","390971","583","17932","17"
"2021/06/17","3025593","12171","420749","10757","95","1954","59","227","392035","1064","17957","25"
"2021/06/18","3039261","13668","420859","10427","110","1764","100","215","392452","417","17980","23"
"2021/06/19","3054028","14771","420964","10205","105","1752","67","208","392772","320","17987","7"
"2021/06/20","3062465","8438","421005","10207","41","1746","9","207","392809","37","17989","2"
"2021/06/21","3066606","4141","421032","10226","27","1745","13","207","392816","7","17990","1"
"2021/06/22","3082674","16070","421152","9966","120","1698","68","200","393186","370","18000","10"
"2021/06/23","3093825","11151","421246","9602","94","1650","35","196","393636","450","18008","8"
"2021/06/24","3108203","14382","421339","9456","93","1613","46","201","393870","234","18013","5"
"2021/06/25","3117849","9649","421401","9431","62","1588","36","201","393948","78","18022","9"
"2021/06/26","3132792","14945","421487","9370","86","1565","40","196","394091","143","18026","4"
"2021/06/27","3139291","6499","421515","9382","28","1561","8","196","394106","15","18027","1"
"2021/06/28","3142206","2915","421531","9379","16","1560","3","197","394125","19","18027","0"
"2021/06/29","3162240","20035","421646","9364","115","1517","55","186","394242","117","18040","13"
"2021/06/30","3179320","17080","421751","9233","105","1495","49","179","394469","227","18049","9"
"2021/07/01","3192798","13480","421829","9111","78","1481","37","179","394657","188","18061","12"
"2021/07/02","3206721","13903","421902","8905","73","1434","23","163","394930","273","18067","6"
"2021/07/03","3222885","16184","421983","8618","81","1313","49","155","395282","352","18083","16"
"2021/07/04","3232751","9865","422034","8661","51","1315","6","154","395289","7","18084","1"
"2021/07/05","3236650","3900","422053","8588","19","1245","4","152","395381","92","18084","0"
"2021/07/06","3256320","19607","422151","8417","98","1134","45","123","395609","228","18125","41"
"2021/07/07","3270417","14174","422238","8196","87","961","33","111","395915","306","18127","2"
"2021/07/08","3282674","12258","422298","8108","60","959","32","113","396061","146","18129","2"
"2021/07/09","3295239","12565","422353","8000","55","895","28","108","396219","158","18134","5"
"2021/07/10","3310607","15368","422414","7967","61","824","20","105","396309","90","18138","4"
"2021/07/11","3321719","11112","422446","7991","32","822","8","104","396315","6","18140","2"
"2021/07/12","3327708","5989","422462","8006","16","826","4","104","396316","1","18140","0"
"2021/07/13","3342431","14723","422545","7873","83","746","46","95","396528","212","18144","4"
"2021/07/14","3360216","17787","422619","7823","74","738","38","94","396642","114","18154","10"
"2021/07/15","3374182","13968","422703","7542","84","727","26","94","397003","361","18158","4"
"2021/07/16","3388000","13816","422797","7558","94","741","39","93","397076","73","18163","5"
"2021/07/17","3404115","16122","422873","7544","76","736","26","91","397160","84","18169","6"
"2021/07/18","3414813","10701","422930","7591","57","741","11","91","397170","10","18169","0"
"2021/07/19","3420749","5936","422965","7617","35","744","17","88","397174","4","18174","5"
"2021/07/20","3438932","18183","423078","7538","113","739","47","88","397363","189","18177","3"
"2021/07/21","3454882","15953","423223","7391","145","722","39","82","397648","285","18184","7"
"2021/07/22","3469551","14673","423319","7301","96","726","36","80","397831","183","18187","3"
"2021/07/23","3485391","15842","423440","7351","121","742","41","81","397900","69","18189","2"
"2021/07/24","3503809","18419","423575","7250","135","706","27","75","398132","232","18193","4"
"2021/07/25","3513211","9402","423629","7291","54","711","12","77","398145","13","18193","0"
"2021/07/26","3521861","8650","423686","7341","57","716","11","77","398151","6","18194","1"
"2021/07/27","3542791","20910","423879","7456","193","729","71","73","398224","73","18199","5"
"2021/07/28","3558477","15641","424079","7541","200","755","65","77","398335","111","18203","4"
"2021/07/29","3574097","15749","424295","7702","216","754","37","79","398388","53","18205","2"
"2021/07/30","3589189","15092","424526","7882","231","764","51","79","398436","48","18208","3"
"2021/07/31","3612178","22989","424872","8125","346","797","67","75","398536","100","18211","3"
"2021/08/01","3625305","12876","425054","8296","182","805","16","78","398545","9","18213","2"
"2021/08/02","3631622","6691","425148","8379","94","810","21","81","398554","9","18215","2"
"2021/08/03","3654995","23371","425541","8702","393","851","123","82","398617","63","18222","7"
"2021/08/04","3671636","16656","426003","9109","462","914","120","86","398669","52","18225","3"
"2021/08/05","3692501","20868","426432","9482","429","955","92","90","398721","52","18229","4"
"2021/08/06","3711151","18652","426932","9921","500","935","111","89","398768","47","18243","14"
"2021/08/07","3728109","16965","427481","10373","549","987","130","91","398857","89","18251","8"
"2021/08/08","3745578","17469","427873","10747","392","1013","43","98","398874","17","18252","1"
"2021/08/09","3752014","6436","428049","10907","176","1059","53","99","398887","13","18255","3"
"2021/08/10","3775295","23283","428823","11435","774","1140","201","94","399110","223","18278","23"
"2021/08/11","3793849","18556","429628","12030","805","1207","187","101","399310","200","18288","10"
"2021/08/12","3812010","18166","430410","12577","782","1222","164","108","399527","217","18306","18"
"2021/08/13","3830741","18733","431292","13216","882","1264","188","106","399755","228","18321","15"
"2021/08/14","3853716","22979","432339","14088","1047","1404","241","124","399919","164","18332","11"
"2021/08/15","3867477","13761","432962","14645","623","1490","120","131","399978","59","18339","7"
"2021/08/16","3873835","6358","433234","14734","272","1548","75","141","400156","178","18344","5"
"2021/08/17","3903521","29690","434535","15757","1301","1658","353","145","400402","246","18376","32"
"2021/08/18","3925423","21906","435940","16983","1405","1832","330","160","400562","160","18395","19"
"2021/08/19","3945493","20072","437327","18119","1387","2001","341","174","400797","235","18411","16"
"2021/08/20","3966443","20952","438698","19214","1371","2161","338","194","401046","249","18438","27"
"2021/08/21","3993169","26727","440066","20151","1368","2313","358","193","401456","410","18459","21"
"2021/08/22","4008332","15164","440911","20848","845","2410","142","197","401596","140","18467","8"
"2021/08/23","4014833","6502","441295","21178","384","2452","105","202","401642","46","18475","8"
"2021/08/24","4044359","29529","443186","22386","1891","2702","623","223","402268","626","18532","57"
"2021/08/25","4068361","24008","445097","23814","1911","2873","503","248","402718","450","18565","33"
"2021/08/26","4090836","22480","446698","24793","1601","2985","420","262","403292","574","18613","48"
"2021/08/27","4114130","23298","448431","26007","1733","3163","453","279","403777","485","18647","34"
"2021/08/28","4142487","28360","450144","27333","1713","3255","485","298","404121","344","18690","43"
"2021/08/29","4159488","17001","451148","28245","1004","3369","169","297","404198","77","18705","15"
"2021/08/30","4167183","7695","451599","28512","451","3451","179","298","404356","158","18731","26"
"2021/08/31","4199250","32070","453689","29754","2090","3594","800","301","405095","739","18840","109"
"2021/09/01","4225874","26631","455742","31081","2053","3738","644","324","405765","670","18896","56"
"2021/09/02","4250708","24836","457487","32192","1745","3872","518","332","406345","580","18950","54"
"2021/09/03","4276501","25799","459051","33021","1564","3985","504","333","407029","684","19001","51"
"2021/09/04","4306504","30011","460691","33789","1640","4070","551","334","407851","822","19051","50"
"2021/09/05","4319889","13386","461545","34419","854","4114","184","338","408043","192","19083","32"
"2021/09/06","4332039","12151","462033","34390","488","4161","187","332","408528","485","19115","32"
"2021/09/07","4344573","12534","462710","34507","677","4284","336","339","409054","526","19149","34"
"2021/09/08","4371695","27124","464715","35353","2005","4307","831","329","410092","1038","19270","121"
"2021/09/09","4395834","24142","466671","36268","1956","4419","674","363","411068","976","19335","65"
"2021/09/10","4420228","24399","468300","36577","1629","4500","547","378","412336","1268","19387","52"
"2021/09/11","4446588","26361","469926","36907","1626","4448","532","377","413560","1224","19459","72"
"2021/09/12","4460613","14027","470835","37633","909","4572","200","380","413733","173","19469","10"
"2021/09/13","4467937","7324","471272","37593","437","4609","228","373","414157","424","19522","53"
"2021/09/14","4492720","24787","473270","38363","1998","4587","787","370","415246","1089","19661","139"
"2021/09/15","4514163","21451","475299","39546","2029","4584","646","386","416009","763","19744","83"
"2021/09/16","4538905","24745","477161","39906","1862","4582","508","396","417446","1437","19809","65"
"2021/09/17","4560069","21167","478885","39599","1724","4627","590","396","419410","1964","19876","67"
"2021/09/18","4585256","25189","480777","38980","1892","4649","613","395","421842","2432","19955","79"
"2021/09/19","4597704","12448","481728","39388","951","4703","187","396","422355","513","19985","30"
"2021/09/20","4602444","4740","482186","38734","458","4750","180","391","423424","1069","20028","43"
"2021/09/21","4627161","24719","484546","39728","2360","4879","919","388","424652","1228","20166","138"
"2021/09/22","4649435","22276","486738","40832","2192","4935","707","405","425682","1030","20224","58"
"2021/09/23","4658520","9086","487588","41071","850","4959","182","405","426266","584","20251","27"
"2021/09/24","4679511","20996","489423","41752","1835","4949","684","414","427321","1055","20350","99"
"2021/09/25","4703774","24275","491327","41874","1904","4969","635","416","429030","1709","20423","73"
"2021/09/26","4714649","10875","492365","42409","1038","5040","229","418","429507","477","20449","26"
"2021/09/27","4720651","6002","492861","42325","496","5078","165","418","430047","540","20489","40"
"2021/09/28","4744679","24032","495397","42444","2536","5048","960","432","432315","2268","20638","149"
"2021/09/29","4767010","22333","497970","42771","2573","5152","677","449","434474","2159","20725","87"
"2021/09/30","4786244","19237","500112","43520","2142","5172","548","458","435780","1306","20812","87"
"2021/10/01","4807320","21078","502162","43959","2050","5201","525","462","437321","1541","20882","70"
"2021/10/02","4829659","22340","504253","45056","2091","5182","551","463","438228","907","20969","87"
"2021/10/03","4841163","11505","505481","45899","1228","5217","133","465","438587","359","20995","26"
"2021/10/04","4845765","4603","505994","45853","513","5248","183","462","439103","516","21038","43"
"2021/10/05","4866482","20720","508800","47125","2806","5204","947","445","440459","1356","21216","178"
"2021/10/06","4891646","25165","511666","47858","2866","5223","686","460","442488","2029","21320","104"
"2021/10/07","4910016","18376","514208","48716","2542","5312","657","455","444081","1593","21411","91"
"2021/10/08","4928818","18808","516510","49352","2302","5374","636","463","445653","1572","21505","94"
"2021/10/09","4950589","21775","518995","49828","2485","5453","639","462","447581","1928","21586","81"
"2021/10/10","4961010","10423","520241","50401","1246","5489","174","469","448224","643","21616","30"
"2021/10/11","4966746","5736","520862","50406","621","5503","187","470","448800","576","21656","40"
"2021/10/12","4990220","23480","524333","51858","3471","5505","907","472","450662","1862","21813","157"
"2021/10/13","5008197","17981","527802","54065","3469","5646","787","485","451831","1169","21906","93"
"2021/10/14","5027251","19059","531129","55458","3327","5707","723","487","453667","1836","22004","98"
"2021/10/15","5045972","18725","534312","57057","3183","5867","721","493","455153","1486","22102","98"
"2021/10/16","5070696","24730","537752","58764","3440","5936","740","509","456800","1647","22188","86"
"2021/10/17","5082506","11811","539619","60032","1867","6035","262","512","457356","556","22231","43"
"2021/10/18","5088188","5683","540619","60485","1000","6074","167","512","457860","504","22274","43"
"2021/10/19","5114963","26780","545598","63241","4979","6258","1251","537","459869","2009","22488","214"
"2021/10/20","5137221","22264","550555","65331","4957","6377","895","558","462612","2743","22612","124"
"2021/10/21","5162258","25040","555077","68776","4522","6494","714","567","463582","970","22719","107"
"2021/10/22","5209624","47370","559893","72022","4816","6608","814","590","465032","1450","22839","120"
"2021/10/23","5240388","30772","564719","75532","4826","6685","768","595","466212","1180","22975","136"
"2021/10/24","5265709","25323","568073","78518","3354","6792","349","602","466522","310","23033","58"
"2021/10/25","5276260","10554","569443","79312","1370","6912","299","600","467058","536","23073","40"
"2021/10/26","5327945","51688","575306","82910","5863","7128","1379","608","469080","2022","23316","243"
"2021/10/27","5378292","50356","582122","87279","6816","7325","1107","608","471403","2323","23440","124"
"2021/10/28","5419897","41613","587765","90543","5643","7373","902","607","473628","2225","23594","154"
